INSERT INTO users (userId, fullname, username, email, phone, password, linkedIn, role) VALUES
('6778eb34de1be', 'Ali Khan', 'alikhan123', 'alikhan@gmail.com', '+92-300-1234567', 'AliKhan@123', 'alikhan', 'applicant'),
('6778eb34de1e3', 'Sara Ahmed', 'saraahmed', 'sara.ahmed@gmail.com', '+92-301-9876543', 'Sara@2023', 'saraahmed', 'applicant'),
('6778eb34de215', 'Hassan Raza', 'hassanraza', 'hassan.raza@gmail.com', '+92-302-1122334', 'Hassan#456', 'hassanraza', 'applicant'),
('6778eb34de1e8', 'Ayesha Malik', 'ayeshahere', 'ayesha.malik@gmail.com', '+92-303-2233445', 'Ayesha@789', 'ayeshahere', 'applicant'),
('6778eb34de1ea', 'Usman Tariq', 'usmantariq', 'usman.tariq@gmail.com', '+92-304-3344556', 'Usman@456', 'usmantariq', 'applicant'),
('6778eb34de1ec', 'Nida Qureshi', 'nidaq', 'nida.qureshi@gmail.com', '+92-305-4455667', 'Nida#2023', 'nidaq', 'applicant'),
('6778eb34de1ee', 'Bilal Zafar', 'bilalzafar', 'bilal.zafar@gmail.com', '+92-306-5566778', 'Bilal@123', 'bilalzafar', 'applicant'),
('6778eb34de1f0', 'Maham Shah', 'mahamshah', 'maham.shah@gmail.com', '+92-307-6677889', 'Maham#789', 'mahamshah', 'applicant'),
('6778eb34de1f2', 'Adnan Ali', 'adnanalik', 'adnan.ali@gmail.com', '+92-308-7788990', 'Adnan@456', 'adnanalik', 'applicant'),
('6778eb34de1f4', 'Zainab Fatima', 'zainabf', 'zainab.fatima@gmail.com', '+92-309-8899001', 'Zainab#123', 'zainabf', 'applicant'),

('6778eb34de1f7', 'Fahad Hussain', 'fahadhussain', 'fahad.hussain@gmail.com', '+92-310-9911223', 'Fahad@2023', 'fahadhussain', 'employer'),
('6778eb34de200', 'Nabeel Sheikh', 'nabeelsheikh', 'nabeel.sheikh@gmail.com', '+92-311-1022334', 'Nabeel#789', 'nabeelsheikh', 'employer'),
('6778eb34de203', 'Amna Javed', 'amnajaved', 'amna.javed@gmail.com', '+92-312-2133445', 'Amna@456', 'amnajaved', 'employer'),
('6778eb34de210', 'Kashif Riaz', 'kashifriaz', 'kashif.riaz@gmail.com', '+92-315-5466778', 'Kashif@789', 'kashifriaz', 'employer'),
('6778eb34de216', 'Asma Khalid', 'asmakhalid', 'asma.khalid@gmail.com', '+92-316-6577889', 'Asma#456', 'asmakhalid', 'employer'),
('6778eb34de220', 'Hammad Shah', 'hammadshah', 'hammad.shah@gmail.com', '+92-317-7688990', 'Hammad@2023', 'hammadshah', 'employer'),
('6778eb34de225', 'Sidra Khan', 'sidrakhan', 'sidra.khan@gmail.com', '+92-318-8799001', 'Sidra#Admin', 'sidrakhan', 'employer'),
('6778eb34de230', 'Tariq Mahmood', 'tariqmahmood', 'tariq.mahmood@gmail.com', '+92-319-9900112', 'Tariq@456', 'tariqmahmood', 'employer'),
('6778eb34de235', 'Owais Siddiqui', 'owaissiddiqui', 'owais.siddiqui@gmail.com', '+92-313-3244556', 'Owais#Admin', 'owaissiddiqui', 'admin'),
('6778eb34de4ec', 'Sana Farooq', 'sanafarooq', 'sana.farooq@gmail.com', '+92-314-4355667', 'Sana@Admin', 'sanafarooq', 'admin');


INSERT INTO categories (title, numberOfJobs) VALUES
('Information Technology', 10),
('Armed Forces', 10),
('Engineering', 10),
('Healthcare', 10),
('Education', 10),
('Sales & Marketing', 10),
('Telecommunications', 10),
('Government', 10);

INSERT INTO jobs (postedBy, category, title, companyName, location, salaryRange, duration, type, skills, description, requirements, department, experience) VALUES
('6778eb34de1f7', 1, 'Software Developer', 'Tech Corp', 'Karachi', 'PKR 80,000 - 120,000', 'full-time', 'onsite', 'Java, Spring Boot, MySQL', 'Develop and maintain software applications.', 'Bachelors degree in Computer Science.', 'IT', 'mid-level'),
('6778eb34de1f7', 1, 'Network Engineer', 'Net Solutions', 'Lahore', 'PKR 70,000 - 100,000', 'full-time', 'onsite', 'Networking, Cisco, Firewalls', 'Ensure smooth network operations.', 'Certification in Networking.', 'IT', 'entry-level'),
('6778eb34de1f7', 1, 'Data Analyst', 'Data Insight', 'Islamabad', 'PKR 90,000 - 140,000', 'full-time', 'remote', 'Python, SQL, Tableau', 'Analyze and interpret data trends.', 'Experience with data tools.', 'IT', 'mid-level'),
('6778eb34de1f7', 1, 'IT Support Specialist', 'Support Hub', 'Karachi', 'PKR 50,000 - 70,000', 'full-time', 'onsite', 'Troubleshooting, ITIL, Communication', 'Provide IT support for employees.', 'Diploma in IT.', 'IT', 'entry-level'),
('6778eb34de1f7', 1, 'DevOps Engineer', 'CloudOps', 'Lahore', 'PKR 110,000 - 160,000', 'full-time', 'hybrid', 'AWS, Jenkins, Kubernetes', 'Maintain CI/CD pipelines.', 'Experience with cloud platforms.', 'IT', 'senior-level'),
('6778eb34de1f7', 1, 'Cybersecurity Specialist', 'SecureIT', 'Islamabad', 'PKR 120,000 - 180,000', 'full-time', 'onsite', 'Penetration Testing, Security Tools', 'Secure the companys IT infrastructure.', 'Certification in Cybersecurity.', 'IT', 'senior-level'),
('6778eb34de1f7', 1, 'Web Developer', 'Creative Webs', 'Faisalabad', 'PKR 60,000 - 100,000', 'full-time', 'remote', 'HTML, CSS, JavaScript, React', 'Develop dynamic websites.', 'Experience with frontend technologies.', 'IT', 'mid-level'),
('6778eb34de1f7', 1, 'AI Engineer', 'Smart Tech', 'Peshawar', 'PKR 150,000 - 200,000', 'full-time', 'hybrid', 'Python, TensorFlow, Machine Learning', 'Develop AI-based solutions.', 'Masters degree in AI or Data Science.', 'IT', 'expert-level'),
('6778eb34de1f7', 1, 'System Administrator', 'SysAdmin Solutions', 'Quetta', 'PKR 70,000 - 120,000', 'full-time', 'onsite', 'Windows Server, Linux, VMware', 'Maintain server infrastructure.', 'Experience with server management.', 'IT', 'mid-level'),
('6778eb34de1f7', 1, 'Game Developer', 'Gaming Studio', 'Multan', 'PKR 90,000 - 130,000', 'full-time', 'onsite', 'Unity, C#, Game Design', 'Develop engaging games.', 'Experience in game development.', 'IT', 'mid-level'),
('6778eb34de200', 2, 'Infantry Officer', 'Pakistan Army', 'Nationwide', 'PKR 60,000 - 90,000', 'full-time', 'onsite', 'Leadership, Tactical Skills', 'Lead infantry operations.', 'Bachelors degree.', 'Government', 'entry-level'),
('6778eb34de200', 2, 'Air Traffic Controller', 'Pakistan Air Force', 'Karachi', 'PKR 70,000 - 100,000', 'full-time', 'onsite', 'Attention to Detail, Communication', 'Manage air traffic operations.', 'Relevant training certification.', 'Government', 'mid-level'),
('6778eb34de200', 2, 'Naval Engineer', 'Pakistan Navy', 'Karachi', 'PKR 80,000 - 120,000', 'full-time', 'onsite', 'Mechanical, Naval Systems', 'Maintain naval equipment.', 'Engineering degree.', 'Government', 'mid-level'),
('6778eb34de200', 2, 'Helicopter Pilot', 'Pakistan Army Aviation', 'Rawalpindi', 'PKR 100,000 - 150,000', 'full-time', 'onsite', 'Flight Skills, Navigation', 'Operate helicopters for defense missions.', 'Flight training and certification.', 'Government', 'mid-level'),
('6778eb34de200', 2, 'Military Intelligence Officer', 'Pakistan Army', 'Islamabad', 'PKR 90,000 - 130,000', 'full-time', 'onsite', 'Analysis, Surveillance', 'Gather and analyze intelligence.', 'Bachelors degree in Intelligence Studies.', 'Government', 'mid-level'),
('6778eb34de200', 2, 'Combat Medic', 'Pakistan Army Medical Corps', 'Lahore', 'PKR 70,000 - 100,000', 'full-time', 'onsite', 'First Aid, Medical Training', 'Provide medical care in combat zones.', 'Diploma in Nursing or EMT certification.', 'Government', 'entry-level'),
('6778eb34de200', 2, 'Defense Analyst', 'Strategic Planning Division', 'Islamabad', 'PKR 110,000 - 160,000', 'full-time', 'onsite', 'Strategic Thinking, Policy Development', 'Analyze and recommend defense strategies.', 'Masters degree in Strategic Studies.', 'Government', 'senior-level'),
('6778eb34de200', 2, 'Logistics Officer', 'Pakistan Armed Forces Logistics', 'Karachi', 'PKR 80,000 - 120,000', 'full-time', 'onsite', 'Supply Chain, Coordination', 'Manage military supply chains.', 'Bachelors degree in Logistics or Business.', 'Government', 'mid-level'),
('6778eb34de200', 2, 'Armored Vehicle Operator', 'Pakistan Army', 'Peshawar', 'PKR 70,000 - 100,000', 'full-time', 'onsite', 'Driving, Tactical Skills', 'Operate and maintain armored vehicles.', 'Relevant training.', 'Government', 'entry-level'),
('6778eb34de200', 2, 'Cyber Defense Specialist', 'Pakistan Armed Forces Cyber Command', 'Islamabad', 'PKR 120,000 - 180,000', 'full-time', 'hybrid', 'Cybersecurity, Ethical Hacking', 'Protect military networks from cyber threats.', 'Certification in Cybersecurity.', 'Government', 'senior-level'),
('6778eb34de203', 3, 'Civil Engineer', 'BuildPro', 'Lahore', 'PKR 70,000 - 110,000', 'full-time', 'onsite', 'AutoCAD, Project Management', 'Design and oversee construction projects.', 'Bachelors degree in Civil Engineering.', 'Engineering', 'mid-level'),
('6778eb34de203', 3, 'Mechanical Engineer', 'PakTech Industries', 'Karachi', 'PKR 80,000 - 120,000', 'full-time', 'onsite', 'SolidWorks, Manufacturing Processes', 'Develop and test mechanical systems.', 'Bachelors degree in Mechanical Engineering.', 'Engineering', 'mid-level'),
('6778eb34de203', 3, 'Electrical Engineer', 'ElectroPower', 'Islamabad', 'PKR 85,000 - 130,000', 'full-time', 'onsite', 'Circuit Design, Power Systems', 'Design electrical systems for projects.', 'Bachelors degree in Electrical Engineering.', 'Engineering', 'mid-level'),
('6778eb34de203', 3, 'Software Engineer', 'TechSolutions', 'Lahore', 'PKR 90,000 - 140,000', 'full-time', 'hybrid', 'Java, Python, Software Development', 'Develop and maintain software systems.', 'Bachelors degree in Software Engineering.', 'Engineering', 'mid-level'),
('6778eb34de203', 3, 'Structural Engineer', 'Skyline Construction', 'Karachi', 'PKR 75,000 - 115,000', 'full-time', 'onsite', 'Structural Analysis, SAP2000', 'Analyze structural integrity of buildings.', 'Bachelors degree in Structural Engineering.', 'Engineering', 'mid-level'),
('6778eb34de203', 3, 'Chemical Engineer', 'ChemSolutions Ltd.', 'Faisalabad', 'PKR 85,000 - 125,000', 'full-time', 'onsite', 'Process Engineering, HAZOP', 'Optimize chemical manufacturing processes.', 'Bachelors degree in Chemical Engineering.', 'Engineering', 'mid-level'),
('6778eb34de203', 3, 'Project Engineer', 'MegaProjects Ltd.', 'Rawalpindi', 'PKR 90,000 - 130,000', 'full-time', 'onsite', 'Project Management, Budgeting', 'Manage engineering projects from inception to completion.', 'Bachelors degree in Engineering.', 'Engineering', 'mid-level'),
('6778eb34de203', 3, 'Environmental Engineer', 'GreenTech', 'Islamabad', 'PKR 70,000 - 110,000', 'full-time', 'onsite', 'Environmental Impact Analysis, Sustainability', 'Develop solutions to environmental challenges.', 'Bachelors degree in Environmental Engineering.', 'Engineering', 'mid-level'),
('6778eb34de203', 3, 'Design Engineer', 'DesignWorks', 'Lahore', 'PKR 80,000 - 120,000', 'full-time', 'onsite', 'CAD, Product Design', 'Create detailed designs for manufacturing.', 'Bachelors degree in Engineering Design.', 'Engineering', 'mid-level'),
('6778eb34de203', 3, 'Biomedical Engineer', 'HealthTech Solutions', 'Karachi', 'PKR 75,000 - 115,000', 'full-time', 'onsite', 'Medical Equipment, Troubleshooting', 'Develop and maintain medical devices.', 'Bachelors degree in Biomedical Engineering.', 'Engineering', 'mid-level'),
('6778eb34de210', 4, 'General Physician', 'City Clinic', 'Karachi', 'PKR 100,000 - 150,000', 'full-time', 'onsite', 'Diagnosis, Patient Care', 'Provide medical care to patients.', 'MBBS degree.', 'Healthcare', 'mid-level'),
('6778eb34de210', 4, 'Nurse', 'Green Valley Hospital', 'Lahore', 'PKR 60,000 - 90,000', 'full-time', 'onsite', 'Patient Care, Basic Procedures', 'Assist in patient care and monitoring.', 'Diploma in Nursing.', 'Healthcare', 'entry-level'),
('6778eb34de210', 4, 'Pharmacist', 'HealthMart Pharmacy', 'Islamabad', 'PKR 80,000 - 120,000', 'full-time', 'onsite', 'Pharmaceutical Knowledge, Inventory Management', 'Dispense medications and advise on usage.', 'Pharm-D degree.', 'Healthcare', 'mid-level'),
('6778eb34de210', 4, 'Surgeon', 'National Hospital', 'Lahore', 'PKR 200,000 - 300,000', 'full-time', 'onsite', 'Surgery, Patient Care', 'Perform surgical procedures.', 'Specialization in Surgery.', 'Healthcare', 'senior-level'),
('6778eb34de210', 4, 'Pediatrician', 'ChildCare Center', 'Rawalpindi', 'PKR 120,000 - 180,000', 'full-time', 'onsite', 'Child Healthcare, Diagnosis', 'Provide healthcare to children.', 'MBBS with Pediatric specialization.', 'Healthcare', 'mid-level'),
('6778eb34de210', 4, 'Dentist', 'Smile Dental Clinic', 'Karachi', 'PKR 90,000 - 140,000', 'full-time', 'onsite', 'Dental Care, Procedures', 'Provide dental treatments and care.', 'BDS degree.', 'Healthcare', 'mid-level'),
('6778eb34de210', 4, 'Radiologist', 'Diagnostic Center', 'Islamabad', 'PKR 150,000 - 220,000', 'full-time', 'onsite', 'Radiology, Imaging', 'Interpret medical images for diagnosis.', 'Specialization in Radiology.', 'Healthcare', 'senior-level'),
('6778eb34de210', 4, 'Physiotherapist', 'RehabCare Clinic', 'Faisalabad', 'PKR 70,000 - 110,000', 'full-time', 'onsite', 'Rehabilitation, Patient Care', 'Assist patients in physical recovery.', 'Doctor of Physical Therapy (DPT).', 'Healthcare', 'mid-level'),
('6778eb34de210', 4, 'Lab Technician', 'Pathology Labs', 'Multan', 'PKR 50,000 - 80,000', 'full-time', 'onsite', 'Lab Testing, Equipment Handling', 'Perform lab tests and manage equipment.', 'Diploma in Medical Lab Technology.', 'Healthcare', 'entry-level'),
('6778eb34de210', 4, 'Psychologist', 'Wellness Center', 'Karachi', 'PKR 100,000 - 150,000', 'full-time', 'onsite', 'Counseling, Behavioral Therapy', 'Provide mental health support.', 'Masters in Psychology.', 'Healthcare', 'mid-level'),
('6778eb34de216', 5, 'School Teacher', 'Beaconhouse', 'Islamabad', 'PKR 40,000 - 70,000', 'full-time', 'onsite', 'Subject Knowledge, Communication', 'Teach high school students.', 'Bachelors degree in Education.', 'Education', 'entry-level'),
('6778eb34de216', 5, 'College Lecturer', 'Punjab Group of Colleges', 'Lahore', 'PKR 60,000 - 90,000', 'full-time', 'onsite', 'Subject Expertise, Research', 'Teach college-level courses.', 'Masters degree in relevant subject.', 'Education', 'mid-level'),
('6778eb34de216', 5, 'Primary School Teacher', 'The Educators', 'Karachi', 'PKR 30,000 - 50,000', 'full-time', 'onsite', 'Patience, Communication', 'Teach and guide young children.', 'Diploma in Early Childhood Education.', 'Education', 'entry-level'),
('6778eb34de216', 5, 'Special Education Teacher', 'Allied Schools', 'Rawalpindi', 'PKR 50,000 - 80,000', 'full-time', 'onsite', 'Empathy, Adaptability', 'Educate children with special needs.', 'Degree in Special Education.', 'Education', 'mid-level'),
('6778eb34de216', 5, 'Education Counselor', 'Roots International', 'Faisalabad', 'PKR 70,000 - 100,000', 'full-time', 'onsite', 'Counseling, Communication', 'Provide academic and career counseling.', 'Masters in Psychology or Education.', 'Education', 'mid-level'),
('6778eb34de216', 5, 'Academic Coordinator', 'Scholars Academy', 'Multan', 'PKR 80,000 - 120,000', 'full-time', 'onsite', 'Leadership, Curriculum Development', 'Coordinate academic activities and curriculum.', 'Masters in Education.', 'Education', 'mid-level'),
('6778eb34de216', 5, 'Language Instructor', 'Linguistic Center', 'Karachi', 'PKR 50,000 - 75,000', 'full-time', 'onsite', 'Fluency in Language, Teaching Skills', 'Teach English language courses.', 'Bachelors in English or Linguistics.', 'Education', 'entry-level'),
('6778eb34de216', 5, 'Research Assistant', 'University of Karachi', 'Karachi', 'PKR 45,000 - 65,000', 'contract', 'onsite', 'Research, Data Analysis', 'Assist in academic research projects.', 'Bachelors or Masters degree.', 'Education', 'entry-level'),
('6778eb34de216', 5, 'Trainer', 'Professional Training Institute', 'Lahore', 'PKR 70,000 - 110,000', 'full-time', 'onsite', 'Training Design, Public Speaking', 'Conduct professional training sessions.', 'Experience in training.', 'Education', 'mid-level'),
('6778eb34de216', 5, 'Vice Principal', 'City Grammar School', 'Islamabad', 'PKR 90,000 - 140,000', 'full-time', 'onsite', 'Leadership, Administration', 'Assist the principal in managing the school.', 'Masters in Education.', 'Education', 'senior-level'),
('6778eb34de220', 6, 'Marketing Manager', 'AdWorks', 'Lahore', 'PKR 80,000 - 120,000', 'full-time', 'onsite', 'SEO, Campaign Management', 'Develop and execute marketing strategies.', 'Experience in marketing.', 'Marketing', 'mid-level'),
('6778eb34de220', 6, 'Sales Executive', 'FastTrack Solutions', 'Karachi', 'PKR 50,000 - 80,000', 'full-time', 'onsite', 'Negotiation, Communication', 'Handle client accounts and boost sales.', 'Bachelors in Business Administration.', 'Marketing', 'entry-level'),
('6778eb34de220', 6, 'Digital Marketing Specialist', 'ClickFunnels', 'Islamabad', 'PKR 70,000 - 100,000', 'full-time', 'hybrid', 'Google Ads, Social Media Marketing', 'Plan and execute digital campaigns.', 'Experience with digital marketing tools.', 'Marketing', 'mid-level'),
('6778eb34de220', 6, 'Brand Manager', 'Vision Brands', 'Lahore', 'PKR 90,000 - 130,000', 'full-time', 'onsite', 'Brand Strategy, Market Research', 'Develop and promote brand identity.', 'MBA in Marketing.', 'Marketing', 'mid-level'),
('6778eb34de220', 6, 'Content Marketer', 'Creative Hub', 'Rawalpindi', 'PKR 60,000 - 90,000', 'full-time', 'remote', 'Content Writing, SEO', 'Create and distribute engaging content.', 'Bachelors in Marketing or Journalism.', 'Marketing', 'entry-level'),
('6778eb34de220', 6, 'Advertising Specialist', 'MediaMark', 'Multan', 'PKR 80,000 - 110,000', 'full-time', 'onsite', 'Media Planning, Ad Design', 'Plan and manage advertising campaigns.', 'Experience in media buying.', 'Marketing', 'mid-level'),
('6778eb34de220', 6, 'Public Relations Officer', 'Eventify', 'Karachi', 'PKR 70,000 - 100,000', 'full-time', 'onsite', 'Media Relations, Communication', 'Manage public relations and events.', 'Bachelors in Communications.', 'Marketing', 'mid-level'),
('6778eb34de220', 6, 'Sales Analyst', 'Growth Analytics', 'Islamabad', 'PKR 75,000 - 110,000', 'full-time', 'onsite', 'Data Analysis, Sales Forecasting', 'Analyze sales data and trends.', 'Degree in Statistics or Business.', 'Marketing', 'mid-level'),
('6778eb34de220', 6, 'Social Media Manager', 'SocialWave', 'Faisalabad', 'PKR 65,000 - 95,000', 'full-time', 'onsite', 'Social Media Platforms, Analytics', 'Manage social media accounts.', 'Experience with social media tools.', 'Marketing', 'entry-level'),
('6778eb34de220', 6, 'Key Account Manager', 'Elite Solutions', 'Karachi', 'PKR 100,000 - 150,000', 'full-time', 'onsite', 'Client Relations, Sales Strategy', 'Handle high-value client accounts.', 'Experience in sales management.', 'Marketing', 'senior-level'),
('6778eb34de225', 7, 'Network Technician', 'Telecom Giants', 'Rawalpindi', 'PKR 60,000 - 90,000', 'full-time', 'onsite', 'Fiber Optics, Troubleshooting', 'Maintain telecom networks.', 'Certification in networking.', 'Telecommunications', 'entry-level'),
('6778eb34de225', 7, 'Telecom Engineer', 'Jazz', 'Karachi', 'PKR 80,000 - 120,000', 'full-time', 'onsite', 'Switching Systems, Communication Protocols', 'Design and manage telecom infrastructure.', 'Degree in Telecom Engineering.', 'Telecommunications', 'mid-level'),
('6778eb34de225', 7, 'Customer Support Specialist', 'PTCL', 'Lahore', 'PKR 50,000 - 75,000', 'full-time', 'onsite', 'Customer Service, Problem Solving', 'Assist customers with telecom issues.', 'Experience in customer support.', 'Telecommunications', 'entry-level'),
('6778eb34de225', 7, 'Radio Frequency Engineer', 'Zong', 'Islamabad', 'PKR 90,000 - 140,000', 'full-time', 'onsite', 'RF Planning, Signal Analysis', 'Optimize network coverage.', 'Bachelors in Electronics.', 'Telecommunications', 'mid-level'),
('6778eb34de225', 7, 'VoIP Engineer', 'Ufone', 'Karachi', 'PKR 100,000 - 150,000', 'full-time', 'hybrid', 'VoIP Protocols, Networking', 'Manage VoIP services.', 'Certification in VoIP systems.', 'Telecommunications', 'senior-level'),
('6778eb34de225', 7, 'Field Technician', 'Telenor', 'Multan', 'PKR 40,000 - 70,000', 'full-time', 'onsite', 'Installation, Troubleshooting', 'Install and repair telecom equipment.', 'Relevant diploma.', 'Telecommunications', 'entry-level'),
('6778eb34de225', 7, 'Project Manager', 'Warid Telecom', 'Faisalabad', 'PKR 120,000 - 180,000', 'full-time', 'onsite', 'Project Planning, Leadership', 'Oversee telecom projects.', 'Experience in project management.', 'Telecommunications', 'senior-level'),
('6778eb34de225', 7, 'Telecom Analyst', 'Nayatel', 'Peshawar', 'PKR 80,000 - 110,000', 'full-time', 'onsite', 'Data Analysis, Report Writing', 'Analyze telecom data for decision-making.', 'Degree in IT or Telecom.', 'Telecommunications', 'mid-level'),
('6778eb34de225', 7, 'Switch Engineer', 'Jazz', 'Karachi', 'PKR 90,000 - 130,000', 'full-time', 'onsite', 'Switch Configuration, Maintenance', 'Manage switch systems.', 'Experience with telecom switches.', 'Telecommunications', 'mid-level'),
('6778eb34de225', 7, 'System Administrator', 'PTCL', 'Islamabad', 'PKR 70,000 - 100,000', 'full-time', 'onsite', 'System Maintenance, Security', 'Maintain telecom servers.', 'Degree in Computer Science.', 'Telecommunications', 'mid-level'),
('6778eb34de230', 8, 'Policy Analyst', 'Government of Pakistan', 'Islamabad', 'PKR 90,000 - 130,000', 'full-time', 'onsite', 'Policy Development, Research', 'Analyze and draft government policies.', 'Masters degree in Public Policy.', 'Government', 'mid-level'),
('6778eb34de230', 8, 'Administrative Officer', 'Government of Punjab', 'Lahore', 'PKR 80,000 - 110,000', 'full-time', 'onsite', 'Administration, Leadership', 'Manage administrative tasks.', 'Bachelors degree.', 'Government', 'mid-level'),
('6778eb34de230', 8, 'Customs Inspector', 'Federal Board of Revenue', 'Karachi', 'PKR 70,000 - 100,000', 'full-time', 'onsite', 'Inspection, Law Knowledge', 'Monitor and inspect imports and exports.', 'Degree in Law or Business.', 'Government', 'entry-level'),
('6778eb34de230', 8, 'Public Relations Officer', 'Ministry of Information', 'Islamabad', 'PKR 80,000 - 120,000', 'full-time', 'onsite', 'Media Handling, Communication', 'Manage government press and media.', 'Masters in Mass Communication.', 'Government', 'mid-level'),
('6778eb34de230', 8, 'Tax Officer', 'FBR', 'Peshawar', 'PKR 90,000 - 130,000', 'full-time', 'onsite', 'Taxation Laws, Auditing', 'Ensure compliance with tax laws.', 'Degree in Accounting or Finance.', 'Government', 'mid-level'),
('6778eb34de230', 8, 'City Planner', 'Urban Development Authority', 'Lahore', 'PKR 100,000 - 140,000', 'full-time', 'onsite', 'Urban Planning, GIS', 'Plan city infrastructure projects.', 'Masters in Urban Planning.', 'Government', 'senior-level'),
('6778eb34de230', 8, 'Public Health Officer', 'Health Department', 'Karachi', 'PKR 70,000 - 100,000', 'full-time', 'onsite', 'Health Policies, Community Work', 'Develop and implement health programs.', 'Degree in Public Health.', 'Government', 'entry-level'),
('6778eb34de230', 8, 'Data Analyst', 'Census Bureau', 'Islamabad', 'PKR 80,000 - 120,000', 'full-time', 'hybrid', 'Data Analysis, Statistical Tools', 'Analyze census data.', 'Degree in Statistics or IT.', 'Government', 'mid-level'),
('6778eb34de230', 8, 'Environmental Officer', 'EPA Pakistan', 'Islamabad', 'PKR 90,000 - 130,000', 'full-time', 'onsite', 'Environmental Laws, Reporting', 'Ensure environmental compliance.', 'Degree in Environmental Science.', 'Government', 'mid-level'),
('6778eb34de230', 8, 'District Coordinator', 'Government of KPK', 'Peshawar', 'PKR 100,000 - 150,000', 'full-time', 'onsite', 'Leadership, Coordination', 'Coordinate district-level programs.', 'Masters in Public Administration.', 'Government', 'senior-level');


INSERT INTO featuredJobs (jobId) VALUES
(1), (5), (12), (18), (24), (32), (40), (47), (53), (60);


INSERT INTO testimonials (userId, review, name, occupation, image) VALUES
('6778eb34de1be', 'JobSpark made job hunting so much easier for me! The intuitive interface and detailed job descriptions are fantastic.', 'Ali Khan', 'Software Engineer', 'ali_khan.jpg'),
('6778eb34de1e3', 'I secured my dream job thanks to JobSpark. Highly recommended for job seekers!', 'Sara Ahmed', 'Graphic Designer', 'sara_ahmed.jpg'),
('6778eb34de1ee', 'The job recommendations on JobSpark are spot-on. It feels personalized just for me.', 'Hassan Raza', 'Civil Engineer', 'hassan_raza.jpg'),
('6778eb34de1e8', 'As an employer, I love how easy it is to post and manage job listings. Great platform!', 'Ayesha Malik', 'HR Manager', 'ayesha_malik.jpg'),
('6778eb34de215', 'JobSpark connects you with genuine employers. I''ve had great experiences with this platform.', 'Usman Tariq', 'Marketing Specialist', 'usman_tariq.jpg'),
('6778eb34de210', 'The customer support team at JobSpark is excellent! They helped me resolve my issue quickly.', 'Nida Qureshi', 'Teacher', 'nida_qureshi.jpg'),
('6778eb34de220', 'I appreciate the transparency of the hiring process through JobSpark. It''s a game-changer!', 'Bilal Zafar', 'Data Analyst', 'bilal_zafar.jpg'),
('6778eb34de225', 'I''ve been able to hire top talent for my company using JobSpark. Great tool for employers.', 'Maham Shah', 'Recruiter', 'maham_shah.jpg'),
('6778eb34de235', 'JobSpark simplifies everything about hiring and applying. A must-use platform!', 'Fahad Hussain', 'Operations Manager', 'fahad_hussain.jpg'),
('6778eb34de216', 'The featured jobs section is really helpful. I found my current position through it!', 'Amna Javed', 'Accountant', 'amna_javed.jpg');


INSERT INTO applicants (userId, jobId, cv, status, experience, joiningDate, coverLetter) VALUES
('6778eb34de1be', 12, 'Ali_Khan.pdf', 'new', 3, NULL, 'I am eager to learn and grow in this role.'),
('6778eb34de1e3', 25, 'Sara_Ahmed.pdf', 'reviewed', 2, NULL, 'Looking forward to contributing to this team.'),
('6778eb34de215', 8, 'Hassan_Raza.pdf', 'shortlisted', 5, '2025-02-20', 'I bring strong experience and enthusiasm.'),
('6778eb34de1e8', 17, 'Ayesha_Malik.pdf', 'new', 1, NULL, 'Excited to contribute innovative ideas.'),
('6778eb34de1ea', 9, 'Usman_Tariq.pdf', 'rejected', 6, NULL, 'Ready to leverage my expertise for this position.'),
('6778eb34de1ec', 40, 'Nida_Qureshi.pdf', 'shortlisted', 4, '2025-03-05', 'Passionate about making a difference in this role.'),
('6778eb34de1ee', 32, 'Bilal_Zafar.pdf', 'reviewed', 7, NULL, 'Dedicated and experienced in this field.'),
('6778eb34de1f0', 29, 'Maham_Shah.pdf', 'new', 0, NULL, 'Excited to take on new challenges.'),
('6778eb34de1f2', 7, 'Adnan_Ali.pdf', 'shortlisted', 3, '2025-01-15', 'Looking forward to collaborating with your team.'),
('6778eb34de1f4', 65, 'Zainab_Fatima.pdf', 'reviewed', 2, NULL, 'Eager to contribute innovative solutions.'),
('6778eb34de1f7', 50, 'Fahad_Hussain.pdf', 'new', 5, NULL, 'Looking to apply my extensive experience.'),
('6778eb34de200', 3, 'Nabeel_Sheikh.pdf', 'reviewed', 6, NULL, 'Ready to bring leadership and innovation.'),
('6778eb34de203', 18, 'Amna_Javed.pdf', 'shortlisted', 4, '2025-02-12', 'Creative problem-solving is my strength.'),
('6778eb34de210', 60, 'Kashif_Riaz.pdf', 'new', 2, NULL, 'I am highly motivated to excel in this position.'),
('6778eb34de216', 45, 'Asma_Khalid.pdf', 'rejected', 3, NULL, 'Ready to make an impact with my skills.'),
('6778eb34de220', 11, 'Hammad_Shah.pdf', 'new', 4, NULL, 'Excited to bring value to your organization.'),
('6778eb34de225', 24, 'Sidra_Khan.pdf', 'shortlisted', 5, '2025-02-25', 'Focused on delivering exceptional results.'),
('6778eb34de230', 66, 'Tariq_Mahmood.pdf', 'reviewed', 7, NULL, 'Committed to delivering high-quality work.'),
('6778eb34de235', 48, 'Owais_Siddiqui.pdf', 'new', 6, NULL, 'Excited to contribute my diverse skills.'),
('6778eb34de4ec', 23, 'Sana_Farooq.pdf', 'shortlisted', 8, '2025-03-10', 'Motivated to excel in this field.');
